Month,Upsell loan,Upgrade loan,Maximum Profit ($)
1,23283.9,1293.5500000000002,776130.0
2,23749.2,1319.4,791640.0
3,24224.4,1345.8000000000002,807480.0
4,24708.600000000002,1372.7,823620.0
5,25202.7,1400.15,840090.0
6,25706.7,1428.15,856890.0
7,26221.5,1456.75,874050.0
8,26745.3,1485.8500000000001,891510.0
9,27280.8,1515.6000000000001,909360.0
10,27826.2,1545.9,927540.0
11,28382.4,1576.8000000000002,946080.0
12,28950.3,1608.3500000000001,965010.0
